"people_id","person_hash","state_id","party","legislator_name","first_name","middle_name","last_name","suffix","nickname","ftm_eid","votesmart_id","opensecrets_id","knowwho_pid","ballotpedia","bioguide_id","district_number","chamber","termination_date","leg_party_loyalty","leg_n_votes_denominator","leg_n_votes_party_line","leg_n_votes_cross_party","leg_n_votes_independent","leg_n_votes_missing"
23359,"174k0tvr",9,"R","Adam Anderson","Adam","","Anderson","","",55866434,209492,"",0,"http://ballotpedia.org/Adam_Anderson","",57,"House",NA,0.998418972332016,1265,1263,2,1,0
22261,"b6kfhnbd",9,"R","Adam Botana","Adam","","Botana","","",49845673,194550,"",740462,"http://ballotpedia.org/Adam_Botana","",80,"House",NA,0.998341625207297,1206,1204,2,0,0
21782,"87jh4enj",9,"R","Alejandro Rizo","Alejandro","","Rizo","Jr.","Alex",49845738,194462,"",740319,"http://ballotpedia.org/Alex_Rizo","",112,"House",NA,0.999194847020934,1242,1241,1,1,0
19919,"ipmgr1sc",9,"R","Alex Andrade","Robert","Alexander","Andrade","","Alex",45388020,184315,"",652228,"http://ballotpedia.org/Alex_Andrade","",2,"House",NA,0.996542783059637,1157,1153,4,4,0
23320,"o8r9wc7r",9,"R","Alexis Calatayud","Alexis","Maria","Calatayud","","",53501685,209251,"",0,"http://ballotpedia.org/Alexis_Calatayud","",38,"Senate",NA,0.995812979762736,1433,1427,6,0,2
23330,"6cn9749t",9,"R","Alina Garcia","Alina","","Garcia","","",50008330,53911,"",0,"http://ballotpedia.org/Alina_Garcia","",115,"House",NA,0.995454545454545,1100,1095,5,4,0
21700,"ixm68x3r",9,"D","Allison Tant","Allison","E.","Tant","","",160200,193753,"",739944,"http://ballotpedia.org/Allison_Tant","",9,"House",NA,0.976326530612245,1225,1196,29,5,0
20905,"ae5mf9fp",9,"R","Ana Rodriguez","Ana","Maria","Rodriguez","","",45388189,184489,"",652597,"http://ballotpedia.org/Ana_Maria_Rodriguez","",40,"Senate",NA,0.996683250414594,1809,1803,6,1,5
22550,"ohit2l5d",9,"D","Angela Nixon","Angela","","Nixon","","",12016117,193764,"",285510,"http://ballotpedia.org/Angela_Nixon","",13,"House",NA,0.998017839444995,1009,1007,2,61,0
19701,"7b7vdjb1",9,"D","Anna Eskamani","Anna","V.","Eskamani","","",45388083,184399,"",652465,"http://ballotpedia.org/Anna_Eskamani","",42,"House",NA,0.994594594594595,1295,1288,7,49,0
23329,"lmfbmlu1",9,"D","Ashley Gantt","Ashley","Viola","Gantt","","",55866502,209435,"",0,"http://ballotpedia.org/Ashley_Gantt","",109,"House",NA,0.994615384615385,1300,1293,7,70,0
12360,"78xpo0kc",9,"R","Ben Albritton","Ben","","Albritton","","",12998756,117015,"",291098,"http://ballotpedia.org/Ben_Albritton","",27,"Senate",NA,1,1399,1399,0,0,0
23354,"lv9l8jdq",9,"R","Berny Jacques","Berny","","Jacques","","",55866535,184440,"",0,"http://ballotpedia.org/Berny_Jacques","",59,"House",NA,1,1457,1457,0,21,0
17099,"i7iok1n3",9,"R","Blaise Ingoglia","Blaise","","Ingoglia","","",68334,149443,"",484625,"http://ballotpedia.org/Blaise_Ingoglia","",11,"Senate",NA,0.996560619088564,1163,1159,4,7,3
18944,"b3wi7sej",9,"R","Bob Rommel","Bob","","Rommel","","",41676883,172794,"",571836,"http://ballotpedia.org/Bob_Rommel","",81,"House",NA,0.998222222222222,1125,1123,2,0,0
18934,"0ati17l0",9,"R","Bobby Payne","Bobby","","Payne","","",41676705,172843,"",571664,"http://ballotpedia.org/Bobby_Payne_(Florida)","",20,"House",NA,1,1217,1217,0,0,0
15147,"50hj6c4b",9,"D","Bobby Powell","Bobby","","Powell","Jr.","",11029424,139317,"",285418,"http://ballotpedia.org/Bobby_Powell","",24,"Senate",NA,0.991539763113367,1182,1172,10,28,3
23333,"l11m0j5k",9,"R","Brad Yeager","Bradford","Troy","Yeager","","",55866678,0,"",0,"http://ballotpedia.org/","",56,"House",NA,1,1207,1207,0,2,0
15947,"lxcwwsqv",9,"D","Bruce Antone","Bruce","","Antone","","",1532328,53877,"",200765,"http://ballotpedia.org/Bruce_Antone","",41,"House",NA,0.983156028368794,1128,1109,19,9,0
17173,"7369ytue",9,"R","Bryan Avila","Bryan","","Avila","","",15696405,138077,"",388830,"http://ballotpedia.org/Bryan_Avila","",39,"Senate",NA,0.998262380538662,1151,1149,2,0,2
23345,"azizztcb",9,"R","Carolina Amesty","Carolina","","Amesty","","",55866433,209512,"",0,"http://ballotpedia.org/Carolina_Amesty","",45,"House",NA,0.9992,1250,1249,1,2,0
23332,"j9zna7tb",9,"R","Chase Tramont","Chase","","Tramont","","",55866659,209394,"",0,"http://ballotpedia.org/Chase_Tramont","",30,"House",NA,1,1003,1003,0,0,0
20907,"v24fzait",9,"R","Chip LaMarca","Chip","","LaMarca","","",45388173,130498,"",652577,"http://ballotpedia.org/Chip_LaMarca","",100,"House",NA,0.99304347826087,1150,1142,8,2,0
21888,"78gk9ao5",9,"D","Christine Hunschofsky","Christine","Maria","Hunschofsky","","",49845708,194488,"",740359,"http://ballotpedia.org/Christine_Hunschofsky","",95,"House",NA,0.982587064676617,1206,1185,21,6,0
22528,"1y03g0zp",9,"D","Christopher Benjamin","Christopher","","Benjamin","","",49845730,194464,"",740304,"http://ballotpedia.org/Christopher_Benjamin","",107,"House",NA,0.982820976491863,1106,1087,19,12,0
19912,"p35wor51",9,"R","Chuck Brannan","Robert","Charles","Brannan","III","Chuck",406477,184319,"",652234,"http://ballotpedia.org/Chuck_Brannan","",10,"House",NA,0.999197431781701,1246,1245,1,2,0
19037,"bbztrlc7",9,"R","Chuck Clemons","Charles","Wesley","Clemons","Sr.","Chuck",41676711,172848,"",571673,"http://ballotpedia.org/Chuck_Clemons","",22,"House",NA,0.997993981945838,997,995,2,2,0
19070,"wu9jigw3",9,"R","Clay Yarborough","Clay","","Yarborough","","",40769504,172816,"",571636,"http://ballotpedia.org/Clay_Yarborough","",4,"Senate",NA,0.99691738594328,1622,1617,5,14,4
16389,"dtxflghv",9,"R","Colleen Burton","Colleen","","Burton","","",24949083,149396,"",484631,"http://ballotpedia.org/Colleen_Burton_(Florida)","",12,"Senate",NA,0.999450549450549,1820,1819,1,1,5
23325,"5ozxwl83",9,"R","Corey Simon","Corey","","Simon","","",55866636,209207,"",0,"http://ballotpedia.org/Corey_Simon","",3,"Senate",NA,0.995770392749245,1655,1648,7,0,4
17687,"5r7az9zc",9,"R","Cyndi Stevenson","Cyndi","","Stevenson","","",372950,81663,"",533046,"http://ballotpedia.org/Cyndi_Stevenson","",18,"House",NA,0.988416988416988,1036,1024,12,10,0
21381,"u2fci01y",9,"D","Dan Daley","Dan","","Daley","","",47146673,149318,"",709876,"http://ballotpedia.org/Dan_Daley","",96,"House",NA,0.974068071312804,1234,1202,32,8,0
22129,"mb2156j2",9,"R","Dana Trabulsy","Dana","","Trabulsy","","",49845686,194522,"",740423,"http://ballotpedia.org/Dana_Trabulsy","",84,"House",NA,0.997526793075021,1213,1210,3,1,0
23344,"b3eicpho",9,"R","Daniel Alvarez","Daniel","Antonio","Alvarez","Sr.","Danny",55866432,209473,"",0,"http://ballotpedia.org/Daniel_Alvarez","",69,"House",NA,1,1159,1159,0,1,0
16595,"feomdl8z",9,"R","Daniel Burgess","Daniel","Wright","Burgess","Jr.","Danny",25004958,149394,"",484629,"http://ballotpedia.org/Daniel_Burgess","",23,"Senate",NA,1,1511,1511,0,0,6
19426,"1n26wu92",9,"R","Daniel Perez","Daniel","","Perez","","",43850320,176476,"",638466,"http://ballotpedia.org/Daniel_Anthony_Perez","",116,"House",NA,1,906,906,0,0,0
1706,"sk3rdyfd",9,"D","Darryl Rouson","Darryl","Ervin","Rouson","","",157259,104952,"",264391,"http://ballotpedia.org/Darryl_Rouson","",16,"Senate",NA,0.984778292521509,1511,1488,23,7,4
23066,"tmbh2oz6",9,"D","Daryl Campbell","Daryl","","Campbell","","",54438816,200766,"",797986,"http://ballotpedia.org/Daryl_Campbell","",99,"House",NA,0.989276139410188,1119,1107,12,25,0
21758,"mhz7l0j4",9,"R","David Borrero","David","","Borrero","","",49845727,194467,"",740296,"http://ballotpedia.org/David_Borrero","",111,"House",NA,0.999254287844892,1341,1340,1,8,0
18797,"jpk7p8yq",9,"D","David Silvers","David","","Silvers","","",24859134,149488,"",484716,"http://ballotpedia.org/David_Silvers","",89,"House",NA,0.964991023339318,1114,1075,39,2,0
20953,"d3v1n078",9,"R","David Smith","David","A.","Smith","","",19869636,146175,"",476517,"http://ballotpedia.org/David_Smith_(Florida)","",38,"House",NA,0.993001555209953,1286,1277,9,4,0
23346,"zixitc1g",9,"R","Dean Black","Dean","","Black","","",37458122,124330,"",0,"http://ballotpedia.org/Dean_Black","",15,"House",NA,1,1318,1318,0,0,0
1678,"grc5uk91",9,"R","Debbie Mayfield","Debbie","","Mayfield","","",68943,107965,"",269005,"http://ballotpedia.org/Debbie_Mayfield","",19,"Senate",NA,0.999416569428238,1714,1713,1,0,6
22527,"iykjlne1",9,"R","Demi Busatta Cabrera","Demi","","Busatta Cabrera","","",49845744,194460,"",605634,"http://ballotpedia.org/Demi_Busatta_Cabrera","",114,"House",NA,0.994072819644369,1181,1174,7,4,0
12362,"6u9spcbt",9,"R","Dennis Baxley","Dennis","K.","Baxley","","",575403,54010,"",205873,"http://ballotpedia.org/Dennis_Baxley","",13,"Senate",NA,1,1528,1528,0,0,4
20422,"7cq5kgoo",9,"D","Dianne Hart","Dianne","","Hart","","Ms Dee",12513886,172926,"",575832,"http://ballotpedia.org/Dianne_Hart","",63,"House",NA,0.997361477572559,1137,1134,3,20,0
20358,"ovuvhjdl",9,"D","Dotie Joseph","Dotie","","Joseph","","",45388194,184493,"",655607,"http://ballotpedia.org/Dotie_Joseph","",108,"House",NA,0.997876857749469,942,940,2,32,0
23338,"ivvfeu8g",9,"R","Doug Bankson","Doug","","Bankson","","",55866441,173235,"",0,"http://ballotpedia.org/Doug_Bankson","",39,"House",NA,0.997407087294728,1157,1154,3,1,0
12367,"dw4kxupl",9,"R","Douglas Broxson","Douglas","Vaughn","Broxson","","Doug",6692589,117045,"",289436,"http://ballotpedia.org/Doug_Broxson","",1,"Senate",NA,1,1118,1118,0,3,5
1664,"1ukjmsyb",9,"R","Ed Hooper","Ed","","Hooper","","",1287627,53831,"",248530,"http://ballotpedia.org/Ed_Hooper","",21,"Senate",NA,0.995945945945946,1480,1474,6,3,7
19064,"i67rpplo",9,"R","Erin Grall","Erin","K.","Grall","","",61683,117112,"",289453,"http://ballotpedia.org/Erin_Grall","",29,"Senate",NA,0.99304865938431,1007,1000,7,16,2
23341,"ni3ayex3",9,"R","Fabian Basabe","Fabian","","Basabe","","",55866442,209439,"",0,"http://ballotpedia.org/Fabián_Basabe","",106,"House",NA,0.993314231136581,1047,1040,7,0,0
22512,"z587gd6k",9,"D","Felicia Simone Robinson","Felicia","Simone","Robinson","","",49845717,130220,"",740275,"http://ballotpedia.org/Felicia_Simone_Robinson","",104,"House",NA,0.992671009771987,1228,1219,9,37,0
21029,"ss5r9rz7",9,"D","Fentrice Driskell","Fentrice","","Driskell","","",45388118,184423,"",655600,"http://ballotpedia.org/Fentrice_Driskell","",67,"House",NA,0.994669509594883,938,933,5,14,0
22529,"a0rhm7tw",9,"R","Fiona McFarland","Fiona","","McFarland","","",49845668,194559,"",740452,"http://ballotpedia.org/Fiona_McFarland","",73,"House",NA,0.99780701754386,912,910,2,1,0
23361,"po2o5rju",9,"D","Gallop Franklin","Gallop","P.","Franklin","","",55866498,209338,"",0,"http://ballotpedia.org/Gallop_Franklin","",8,"House",NA,0.960252935862692,1107,1063,44,5,0
12379,"s5v8rbs6",9,"R","Gayle Harrell","Gayle","B.","Harrell","","",54371,53962,"",205899,"http://ballotpedia.org/Gayle_Harrell","",31,"Senate",NA,0.99765625,1280,1277,3,0,0
1720,"1v0rsbj5",9,"D","Geraldine Thompson","Geraldine","F.","Thompson","","Geri",22592,30749,"",248524,"http://ballotpedia.org/Geraldine_Thompson","",15,"Senate",NA,0.997821350762527,1377,1374,3,31,2
23317,"wprwcavo",9,"D","Hillary Cassel","Hillary","","Cassel","","",55866460,209443,"",0,"http://ballotpedia.org/Hillary_Cassel","",101,"House",NA,0.977077363896848,1047,1023,24,5,0
21775,"leb4b3n8",9,"R","Ileana Garcia","Ileana","","Garcia","","",50171409,194449,"",242995,"http://ballotpedia.org/Ileana_Garcia","",36,"Senate",NA,0.987029030265596,1619,1598,21,6,4
21024,"vb66clzl",9,"R","James Buchanan","James","Vernon","Buchanan","","",44113817,176798,"",663133,"http://ballotpedia.org/James_Buchanan_(Florida)","",74,"House",NA,0.99748743718593,1194,1191,3,0,0
12366,"ix4l0t68",9,"R","Jason Brodeur","Jason","T.","Brodeur","","",67542,117042,"",289456,"http://ballotpedia.org/Jason_Brodeur","",10,"Senate",NA,0.998773758430411,1631,1629,2,1,7
20632,"1ffeasqd",9,"D","Jason Pizzo","Jason","W.B.","Pizzo","","",15941899,172750,"",588895,"http://ballotpedia.org/Jason_Pizzo","",37,"Senate",NA,0.979641693811075,1228,1203,25,8,1
21391,"gw0rt51v",9,"R","Jason Shoaf","Jason","","Shoaf","","",43047669,186156,"",709836,"http://ballotpedia.org/Jason_Shoaf","",7,"House",NA,0.996478873239437,1136,1132,4,2,0
23324,"7sbfgcvb",9,"R","Jay Collins","Jay","","Collins","","",55866465,209220,"",0,"http://ballotpedia.org/Jay_Collins","",14,"Senate",NA,0.99922480620155,1290,1289,1,0,1
16763,"un7eu4cm",9,"R","Jay Trumbull","Jay","","Trumbull","","",25005017,149501,"",484526,"http://ballotpedia.org/Jay_Trumbull","",2,"Senate",NA,0.99859649122807,1425,1423,2,2,4
23353,"6ryrq45y",9,"R","Jeff Holcomb","Jeff","","Holcomb","","",55866529,158287,"",0,"http://ballotpedia.org/Jeff_Holcomb_(Florida)","",53,"House",NA,0.997870830376153,1409,1406,3,4,0
22207,"slx08az4",9,"R","Jenna Persons-Mulicka","Jenna","","Persons-Mulicka","","",45903473,194544,"",740469,"http://ballotpedia.org/Jenna_Persons","",78,"House",NA,1,1401,1401,0,1,0
22852,"mbdmyqln",9,"R","Jennifer Bradley","Jennifer","E.","Bradley","","",15935119,194419,"",739824,"http://ballotpedia.org/Jennifer_Bradley","",6,"Senate",NA,0.992005813953488,1376,1365,11,4,4
23348,"rz6tv887",9,"R","Jennifer Canady","Jennifer","","Canady","","",55866458,209506,"",0,"http://ballotpedia.org/Jennifer_Canady","",50,"House",NA,1,1177,1177,0,1,0
23322,"960vxus6",9,"D","Jennifer Harris","Jennifer","","Harris","","Rita",55866514,209516,"",0,"http://ballotpedia.org/Jennifer_Rita_Harris","",44,"House",NA,0.995535714285714,1120,1115,5,23,0
23116,"3dasaie0",9,"D","Jervonte Edmonds","Jervonte","","Edmonds","","Tae",54438812,200763,"",579222,"http://ballotpedia.org/Jervonte_Edmonds","",88,"House",NA,0.970842332613391,926,899,27,3,0
23360,"fqo8aog4",9,"R","Jessica Baker","Jessica","","Baker","","",55866439,209358,"",0,"http://ballotpedia.org/Jessica_Baker","",17,"House",NA,0.996927803379416,1302,1298,4,10,0
17676,"sjgd77kv",9,"R","Jim Boyd","Jim","","Boyd","","",12998814,117037,"",293429,"http://ballotpedia.org/Jim_Boyd","",20,"Senate",NA,0.999438202247191,1780,1779,1,0,5
22580,"fsfxplwk",9,"R","Jim Mooney","James","Vernon","Mooney","Jr.","Jim",49845754,194453,"",740179,"http://ballotpedia.org/Jim_Mooney","",120,"House",NA,0.990833333333333,1200,1189,11,0,0
18057,"gx1kxrc2",9,"R","Joe Gruters","Joe","","Gruters","","",12998816,17342,"",406446,"http://ballotpedia.org/Joe_Gruters","",22,"Senate",NA,0.990886495443248,1207,1196,11,1,5
23295,"q1aqjnko",9,"R","Joel Rudman","Joel","","Rudman","","",55866623,209332,"",0,"http://ballotpedia.org/Joel_Rudman","",3,"House",NA,1,1203,1203,0,9,0
23318,"mff5ywb5",9,"D","Johanna Lopez","Johanna","","Lopez","","",55866558,209517,"",0,"http://ballotpedia.org/Johanna_Lopez","",43,"House",NA,0.971818958155423,1171,1138,33,14,0
21983,"gk5cs0jg",9,"R","John Snyder","John","","Snyder","","",49845683,194524,"",740415,"http://ballotpedia.org/John_Snyder","",86,"House",NA,1,1392,1392,0,3,0
23357,"77lv7bqi",9,"R","John Temple","John","","Temple","","",55866652,209505,"",0,"http://ballotpedia.org/John_Temple","",52,"House",NA,1,1248,1248,0,3,0
23321,"he2w9d7z",9,"R","Jonathan Martin","Jonathan","","Martin","","",45927469,138146,"",0,"http://ballotpedia.org/Jonathan_Martin_(Florida)","",33,"Senate",NA,0.993645750595711,1259,1251,8,2,2
20006,"ajyrzy6t",9,"D","Joseph Casello","Joseph","A.","Casello","","Joe",45388168,149312,"",652568,"http://ballotpedia.org/Joseph_Casello","",90,"House",NA,0.957273652085453,983,941,42,3,0
19703,"qge9y7kn",9,"R","Josie Tomkow","Josie","","Tomkow","","",44113816,177604,"",666020,"http://ballotpedia.org/Josie_Tomkow","",51,"House",NA,0.999096657633243,1107,1106,1,0,0
23356,"wnxvofvg",9,"R","Juan Porras","Juan","Carlos","Porras","","",55866605,209403,"",0,"http://ballotpedia.org/Juan_Carlos_Porras","",119,"House",NA,0.997609561752988,1255,1252,3,0,0
23350,"eok29ytg",9,"R","Karen Gonzalez Pittman","Karen","","Gonzalez Pittman","","",55866506,209479,"",0,"http://ballotpedia.org/Karen_Gonzalez_Pittman","",65,"House",NA,0.992544268406337,1073,1065,8,1,0
23340,"dpobs27t",9,"D","Katherine Waldron","Katherine","M.","Waldron","","",55866668,209454,"",0,"http://ballotpedia.org/Katherine_Waldron","",93,"House",NA,0.958563535911602,1086,1041,45,6,0
12387,"0yi34b0r",9,"R","Kathleen Passidomo","Kathleen","C.","Passidomo","","",70284,124279,"",308804,"http://ballotpedia.org/Kathleen_Passidomo","",28,"Senate",NA,0.998692810457516,765,764,1,0,0
22662,"g46vm6of",9,"R","Kaylee Tuck","Kaylee","Alexis","Tuck","","",49845643,194646,"",740410,"http://ballotpedia.org/Kaylee_Tuck","",83,"House",NA,1,1251,1251,0,1,0
12389,"w3dkasgx",9,"R","Keith Perry","Keith","","Perry","","",102382,172651,"",291044,"http://ballotpedia.org/Keith_Perry","",9,"Senate",NA,0.999326145552561,1484,1483,1,20,4
22415,"f973rn7u",9,"R","Keith Truenow","Keith","","Truenow","","",49845600,194608,"",739988,"http://ballotpedia.org/Keith_Truenow","",26,"House",NA,0.997779422649889,1351,1348,3,3,0
1714,"4sermeti",9,"D","Kelly Skidmore","Kelly","","Skidmore","","",30956,68159,"",200983,"http://ballotpedia.org/Kelly_Skidmore","",92,"House",NA,0.984360625574977,1087,1070,17,14,0
22516,"vha3cc9i",9,"D","Kevin Chambliss","Kevin","Dykemia","Chambliss","","",49845747,115433,"",452742,"http://ballotpedia.org/Kevin_Chambliss","",117,"House",NA,0.970588235294118,952,924,28,13,0
23331,"3otreu3p",9,"R","Kevin Steele","Kevin","M.","Steele","","",55756411,209499,"",0,"http://ballotpedia.org/Kevin_Steele","",55,"House",NA,0.998277347114556,1161,1159,2,3,0
23339,"orexb33j",9,"R","Kimberly Berfield","Kimberly","","Berfield","","Kim",55866445,53771,"",0,"http://ballotpedia.org/Kimberly_Berfield","",58,"House",NA,0.998277347114556,1161,1159,2,5,0
19040,"tel60gti",9,"D","Kimberly Daniels","Kimberly","","Daniels","","",40751169,172823,"",571637,"http://ballotpedia.org/Kimberly_Daniels","",14,"House",NA,0.934100418410042,956,893,63,4,0
23355,"0xekqns7",9,"R","Kiyan Michael","Kiyan","","Michael","","",55866569,209353,"",0,"http://ballotpedia.org/Kiyan_Michael","",16,"House",NA,0.997391304347826,1150,1147,3,2,0
21780,"zeycd5am",9,"D","Kristen Arrington","Kristen","","Arrington","","",28148917,194624,"",744698,"http://ballotpedia.org/Kristen_Arrington","",46,"House",NA,0.982056590752243,1449,1423,26,17,0
23323,"63ed23f3",9,"D","LaVon Bracy Davis","LaVon","","Bracy Davis","","",55866452,209432,"",0,"http://ballotpedia.org/LaVon_Bracy_Davis","",40,"House",NA,0.998361998361998,1221,1219,2,27,0
18406,"ybhxek2y",9,"D","Lauren Book","Lauren","Frances","Book","","",1530939,172735,"",571543,"http://ballotpedia.org/Lauren_Book","",35,"Senate",NA,0.995564005069709,1578,1571,7,19,3
22672,"kr17w93p",9,"R","Lauren Melo","Lauren","","Melo","","",49845680,194529,"",740413,"http://ballotpedia.org/Lauren_Melo","",82,"House",NA,0.999067164179104,1072,1071,1,2,0
19490,"0xmf4ufu",9,"R","Lawrence McClure","Lawrence","","McClure","","",43967912,176697,"",649162,"http://ballotpedia.org/Lawrence_McClure","",68,"House",NA,0.997214484679666,1077,1074,3,0,0
21739,"rh0ebpc2",9,"R","Linda Chaney","Linda","","Chaney","","",49845659,194564,"",740444,"http://ballotpedia.org/Linda_Chaney","",61,"House",NA,0.983710407239819,1105,1087,18,2,0
14052,"fs1ffj9m",9,"D","Linda Stewart","Linda","A.","Stewart","","",11029923,81128,"",386477,"http://ballotpedia.org/Linda_Stewart","",17,"Senate",NA,0.963397790055249,1448,1395,53,1,2
23327,"uwxr8dkp",9,"D","Lindsay Cross","Lindsay","","Cross","","",55866468,184301,"",0,"http://ballotpedia.org/Lindsay_Cross","",60,"House",NA,0.989276139410188,1119,1107,12,14,0
23328,"h6szpy6d",9,"D","Lisa Dunkley","Lisa","","Dunkley","","",55866485,209448,"",0,"http://ballotpedia.org/Lisa_Dunkley","",97,"House",NA,0.977586206896552,1160,1134,26,8,0
12363,"z9j4lnrg",9,"D","Lori Berman","Lori","B.","Berman","","",28610,117031,"",291114,"http://ballotpedia.org/Lori_Berman","",26,"Senate",NA,0.996397694524496,1388,1383,5,50,2
22173,"9d5gzskf",9,"D","Marie Woodson","Marie","P.","Woodson","","",552530,194484,"",740370,"http://ballotpedia.org/Marie_Woodson","",105,"House",NA,0.993525179856115,1390,1381,9,13,0
20690,"tl2wy0dy",9,"R","Melony Bell","Melony","","Bell","","",425790,130836,"",652480,"http://ballotpedia.org/Melony_Bell","",49,"House",NA,0.994328922495274,1058,1052,6,1,0
20540,"atzb6h57",9,"D","Michael Gottlieb","Michael","A.","Gottlieb","","",39396827,184483,"",663180,"http://ballotpedia.org/Michael_Gottlieb","",102,"House",NA,0.9886925795053,1415,1399,16,33,0
18621,"bn2vqkh1",9,"R","Michael Grant","Michael","L.","Grant","","",838003,31276,"",227020,"http://ballotpedia.org/Michael_Grant","",75,"House",NA,1,1074,1074,0,0,0
21920,"61wei6k0",9,"D","Michele Rayner-Goolsby","Michele","","Rayner-Goolsby","","",49845663,194561,"",740448,"http://ballotpedia.org/Michele_Rayner","",62,"House",NA,0.995495495495496,1110,1105,5,38,0
22167,"at7jt366",9,"R","Michelle Salzman","Michelle","Lynn","Salzman","","",41617852,193539,"",739937,"http://ballotpedia.org/Michelle_Salzman","",1,"House",NA,0.998263888888889,1152,1150,2,2,0
20417,"336ho6wl",9,"R","Mike Beltran","Mike","","Beltran","","",45388103,184413,"",670971,"http://ballotpedia.org/Mike_Beltran","",70,"House",NA,0.986619090098127,1121,1106,15,20,0
20958,"v4wfa7ef",9,"R","Mike Caruso","Michael","A.","Caruso","","Mike",45388164,184475,"",652561,"http://ballotpedia.org/Mike_Caruso","",87,"House",NA,0.996204933586338,1054,1050,4,2,0
22022,"hplh0nrn",9,"R","Mike Giallombardo","Mike","","Giallombardo","","",49845675,146155,"",474518,"http://ballotpedia.org/Mike_Giallombardo","",79,"House",NA,0.999252615844544,1338,1337,1,2,0
24994,"qyyu5xax",9,"R","Mike Redondo","Mike","","Redondo","","",59433494,212780,"",0,"http://ballotpedia.org/Mike_Redondo","",118,"House",NA,1,564,564,0,0,0
21025,"m8fyzly3",9,"R","Nick DiCeglie","Nicola","G.","DiCeglie","","Nick",336255,184438,"",652515,"http://ballotpedia.org/Nick_DiCeglie","",18,"Senate",NA,0.99942627653471,1743,1742,1,3,6
18985,"5xk96af0",9,"D","Patricia Hawkins-Williams","Patricia","","Hawkins-Williams","","",41676862,172765,"",571826,"http://ballotpedia.org/Patricia_Hawkins-Williams","",98,"House",NA,0.993371212121212,1056,1049,7,30,0
22559,"1he9flzd",9,"R","Patt Maney","T.","Patterson","Maney","","Patt",49845565,193745,"",739941,"http://ballotpedia.org/T._Patt_Maney","",4,"House",NA,0.996026490066225,1510,1504,6,13,0
17686,"dkqf03rv",9,"R","Paul Renner","Paul","","Renner","","",92577,149478,"",484610,"http://ballotpedia.org/Paul_M._Renner","",19,"House",NA,1,885,885,0,0,0
24810,"p0g9jx7g",9,"R","Paula Stark","Paula","A.","Stark","","",55866645,209509,"",816018,"http://ballotpedia.org/Paula_Stark","",47,"House",NA,0.987897125567322,1322,1306,16,1,0
23351,"ghrztb1e",9,"R","Peggy Gossett-Seidman","Peggy","","Gossett-Seidman","","",55866508,209458,"",0,"http://ballotpedia.org/Peggy_Gossett-Seidman","",91,"House",NA,0.993230174081238,1034,1027,7,1,0
23352,"smncjrp0",9,"R","Philip Griffitts","Philip","Wayne","Griffitts","Jr.","",55866511,174908,"",0,"http://ballotpedia.org/Philip_Griffitts","",6,"House",NA,0.999253731343284,1340,1339,1,1,0
24808,"pbfegj2k",9,"R","Rachel Plakon","Rachel","","Plakon","","",55866601,209420,"",778200,"http://ballotpedia.org/Rachel_Plakon","",36,"House",NA,0.998389694041868,1242,1240,2,7,0
18056,"fntrab6z",9,"R","Ralph Massullo","Ralph","","Massullo","","",433409,172870,"",571718,"http://ballotpedia.org/Ralph_Massullo_Jr.","",23,"House",NA,0.999129677980853,1149,1148,1,1,0
19017,"hsk5k8lg",9,"R","Randy Fine","Randy","","Fine","","",41676813,172909,"",571780,"http://ballotpedia.org/Randy_Fine","",33,"House",NA,0.993939393939394,990,984,6,10,0
21380,"3j0cn6yf",9,"R","Randy Maggard","Randy","","Maggard","","",69054,186158,"",709872,"http://ballotpedia.org/Randy_Maggard","",54,"House",NA,0.997674418604651,1290,1287,3,9,0
19068,"1lo03jw5",9,"R","Rick Roth","Rick","","Roth","","",41676849,172666,"",564090,"http://ballotpedia.org/Rick_Roth","",94,"House",NA,0.995301487862177,1277,1271,6,4,0
23347,"8a871fhe",9,"R","Robert Brackett","Robert","","Brackett","","",601994,209396,"",0,"http://ballotpedia.org/Robert_Brackett","",34,"House",NA,0.999211356466877,1268,1267,1,1,0
21701,"91ohersw",9,"D","Robin Bartleman","Robin","","Bartleman","","",806016,194479,"",740285,"http://ballotpedia.org/Robin_Bartleman","",103,"House",NA,0.985810306198656,1339,1320,19,6,0
23121,"wugdfhmi",9,"D","Rosalind Osgood","Rosalind","","Osgood","","",745520,200762,"",776914,"http://ballotpedia.org/Rosalind_Osgood","",32,"Senate",NA,0.991194276279582,1817,1801,16,15,8
24962,"aan0wix3",9,"R","Ryan Chamberlin","Ryan","","Chamberlin","","",58374500,0,"",0,"http://ballotpedia.org/","",24,"House",NA,1,671,671,0,2,0
21892,"21akiis8",9,"R","Sam Garrison","Sam","","Garrison","","",49845578,193775,"",739952,"http://ballotpedia.org/Sam_Garrison","",11,"House",NA,0.999027237354086,1028,1027,1,0,0
18668,"e18yj1xp",9,"R","Sam Killebrew","Sam","H.","Killebrew","","",75473,172881,"",571735,"http://ballotpedia.org/Sam_Killebrew","",48,"House",NA,0.98874296435272,1066,1054,12,5,0
23343,"rf9p55n7",9,"R","Shane Abbott","Shane","","Abbott","","",49283313,209333,"",0,"http://ballotpedia.org/Shane_Abbott","",5,"House",NA,1,1231,1231,0,5,0
16026,"499cim6s",9,"D","Shevrin Jones","Shevrin","D.","Jones","","Shev",13889121,142186,"",425634,"http://ballotpedia.org/Shevrin_Jones","",34,"Senate",NA,0.997116077865898,1387,1383,4,13,8
20018,"b56kttms",9,"R","Spencer Roach","Spencer","","Roach","","",45388147,184458,"",663145,"http://ballotpedia.org/Spencer_Roach","",76,"House",NA,0.996745321399512,1229,1225,4,3,0
19069,"da40al3z",9,"R","Stan McClain","Stan","","McClain","","",41676728,81346,"",571677,"http://ballotpedia.org/Stan_McClain","",27,"House",NA,0.999163179916318,1195,1194,1,0,0
24809,"qmj19hsf",9,"R","Susan Plasencia","Susan","","Plasencia","","",55866602,209422,"",815745,"http://ballotpedia.org/Susan_Plasencia","",37,"House",NA,0.995265151515151,1056,1051,5,10,0
19960,"lv42mggw",9,"D","Susan Valdes","Susan","L.","Valdes","","",1474008,184422,"",669882,"http://ballotpedia.org/Susan_Valdes","",64,"House",NA,0.994791666666667,1152,1146,6,31,0
23358,"xlrsk4g8",9,"R","Taylor Yarkosky","Taylor","","Yarkosky","","",55866677,209380,"",0,"http://ballotpedia.org/Taylor_Yarkosky","",25,"House",NA,1,1295,1295,0,1,0
1735,"unj03eso",9,"R","Thad Altman","Thad","","Altman","","",12998606,53847,"",214563,"http://ballotpedia.org/Thad_Altman","",32,"House",NA,0.99670510708402,1214,1210,4,1,0
21781,"wsj92iwn",9,"R","Thomas Fabricio","Thomas","P.","Fabricio","","Tom",49845720,194482,"",740278,"http://ballotpedia.org/Tom_Fabricio","",110,"House",NA,0.998418972332016,1265,1263,2,2,0
23349,"69wtlsri",9,"R","Tiffany Esposito","Tiffany","","Esposito","","",55866490,209468,"",0,"http://ballotpedia.org/Tiffany_Esposito","",77,"House",NA,1,1180,1180,0,1,0
19940,"eq7666uu",9,"D","Tina Polsky","Tina","","Polsky","","",15916244,184461,"",652562,"http://ballotpedia.org/Tina_Polsky","",30,"Senate",NA,0.994560994560995,1287,1280,7,15,1
20418,"xw86aoqs",9,"R","Toby Overdorf","Toby","","Overdorf","","",45388153,184464,"",652557,"http://ballotpedia.org/Toby_Overdorf","",85,"House",NA,0.997789240972734,1357,1354,3,5,0
25070,"5993lgcj",9,"D","Tom Keen","Tom","","Keen","","",44245221,209416,"",0,"http://ballotpedia.org/Tom_Keen","",35,"House",NA,0.98635477582846,513,506,7,2,0
19047,"8wlq5hrd",9,"R","Tom Leek","Thomas","J.","Leek","","Tom",42540514,172855,"",571685,"http://ballotpedia.org/Tom_Leek","",28,"House",NA,0.999039385206532,1041,1040,1,0,0
19925,"kant2znx",9,"R","Tommy Gregory","Tommy","","Gregory","","",42609340,184451,"",663132,"http://ballotpedia.org/Tommy_Gregory","",72,"House",NA,0.999111111111111,1125,1124,1,5,0
19954,"kchfqjr0",9,"R","Tommy Wright","Tommy","A.","Wright","","",46608083,185832,"",686432,"http://ballotpedia.org/Tom_Wright","",8,"Senate",NA,0.998613037447989,1442,1440,2,1,2
22722,"n93x757e",9,"R","Traci Koster","Traci","","Koster","","",52311541,195064,"",750959,"http://ballotpedia.org/Traci_Koster","",66,"House",NA,0.995689655172414,1160,1155,5,1,0
19218,"qkwsblm5",9,"D","Tracie Davis","Tracie","","Davis","","",41612514,172818,"",588925,"http://ballotpedia.org/Tracie_Davis","",5,"Senate",NA,0.996669442131557,1201,1197,4,21,0
14984,"lisn9mrt",9,"R","Travis Hutson","Travis","","Hutson","","",125042,138133,"",425545,"http://ballotpedia.org/Travis_Hutson","",7,"Senate",NA,1,1494,1494,0,0,10
19698,"tvftvkha",9,"R","Tyler Sirois","Tyler","","Sirois","","",45388091,117237,"",293159,"http://ballotpedia.org/Tyler_Sirois","",31,"House",NA,0.997632202052092,1267,1264,3,10,0
23319,"zh5hcllq",9,"R","Vicki Lopez","Vicki","","Lopez","","",55866559,209412,"",0,"http://ballotpedia.org/Vicki_Lopez","",113,"House",NA,0.987049028677151,1081,1067,14,1,0
14986,"5k3polun",9,"D","Victor Torres","Victor","M.","Torres","Jr.","",11029363,11880,"",425420,"http://ballotpedia.org/Victor_Torres_(Florida)","",25,"Senate",NA,0.995415848068107,1527,1520,7,24,7
22660,"ujz2v3zu",9,"R","Webster Barnaby","Webster","","Barnaby","","",49845589,194567,"",739971,"http://ballotpedia.org/Webster_Barnaby","",29,"House",NA,0.998569384835479,1398,1396,2,0,0
19738,"4qecge25",9,"R","Will Robinson","Will","","Robinson","","",42034326,184448,"",652533,"http://ballotpedia.org/Will_Robinson","",71,"House",NA,0.995645863570392,1378,1372,6,2,0
20836,"699pdswx",9,"R","Wyman Duggan","Wyman","","Duggan","","",1125380,138214,"",396576,"http://ballotpedia.org/Wyman_Duggan","",12,"House",NA,0.998303647158609,1179,1177,2,1,0
21887,"e063soe3",9,"D","Yvonne Hayes Hinson","Yvonne","","Hayes Hinson","","",44044505,182253,"",637205,"http://ballotpedia.org/Yvonne_Hayes_Hinson","",21,"House",NA,0.993524514338575,1081,1074,7,24,0
